id_producto,nombre_producto,categoria,cantidad_ingresada,stock_disponible,costo_unitario,fecha_ingreso,fecha_vencimiento
P001,Arroz Costeno 1kg,Alimentos,30,1,2.5,2023-09-01,2024-08-31
P001,Arroz Costeno 1kg,Alimentos,49,1,2.5,2023-09-19,2024-09-18
P001,Arroz Costeno 1kg,Alimentos,42,1,2.5,2023-10-13,2024-10-12
P001,Arroz Costeno 1kg,Alimentos,71,20,2.5,2023-11-01,2024-10-31
P001,Arroz Costeno 1kg,Alimentos,40,2,2.5,2023-11-16,2024-11-15
P001,Arroz Costeno 1kg,Alimentos,76,11,2.5,2023-12-09,2024-12-08
P001,Arroz Costeno 1kg,Alimentos,66,6,2.5,2024-02-04,2025-02-03
P001,Arroz Costeno 1kg,Alimentos,56,4,2.5,2024-02-23,2025-02-22
P001,Arroz Costeno 1kg,Alimentos,50,4,2.5,2024-03-10,2025-03-10
P001,Arroz Costeno 1kg,Alimentos,38,9,2.5,2024-03-27,2025-03-27
P001,Arroz Costeno 1kg,Alimentos,39,7,2.5,2024-04-11,2025-04-11
P001,Arroz Costeno 1kg,Alimentos,67,5,2.5,2024-04-28,2025-04-28
P001,Arroz Costeno 1kg,Alimentos,50,1,2.5,2024-05-16,2025-05-16
P001,Arroz Costeno 1kg,Alimentos,62,11,2.5,2024-06-06,2025-06-06
P001,Arroz Costeno 1kg,Alimentos,69,18,2.5,2024-07-01,2025-07-01
P001,Arroz Costeno 1kg,Alimentos,37,8,2.5,2024-07-18,2025-07-18
P001,Arroz Costeno 1kg,Alimentos,30,9,2.5,2024-08-05,2025-08-05
P001,Arroz Costeno 1kg,Alimentos,48,6,2.5,2024-08-23,2025-08-23
P001,Arroz Costeno 1kg,Alimentos,60,7,2.5,2024-09-17,2025-09-17
P001,Arroz Costeno 1kg,Alimentos,51,7,2.5,2024-10-09,2025-10-09
P001,Arroz Costeno 1kg,Alimentos,43,5,2.5,2024-11-01,2025-11-01
P001,Arroz Costeno 1kg,Alimentos,32,9,2.5,2024-11-19,2025-11-19
P001,Arroz Costeno 1kg,Alimentos,71,7,2.5,2024-12-14,2025-12-14
P001,Arroz Costeno 1kg,Alimentos,71,8,2.5,2025-01-08,2026-01-08
P001,Arroz Costeno 1kg,Alimentos,76,10,2.5,2025-01-25,2026-01-25
P001,Arroz Costeno 1kg,Alimentos,79,9,2.5,2025-02-12,2026-02-12
P001,Arroz Costeno 1kg,Alimentos,69,0,2.5,2025-03-07,2026-03-07
P001,Arroz Costeno 1kg,Alimentos,77,2,2.5,2025-03-30,2026-03-30
P001,Arroz Costeno 1kg,Alimentos,30,6,2.5,2025-04-21,2026-04-21
P001,Arroz Costeno 1kg,Alimentos,53,13,2.5,2025-05-14,2026-05-14
P001,Arroz Costeno 1kg,Alimentos,62,5,2.5,2025-06-06,2026-06-06
P001,Arroz Costeno 1kg,Alimentos,75,10,2.5,2025-06-27,2026-06-27
P001,Arroz Costeno 1kg,Alimentos,77,3,2.5,2025-07-17,2026-07-17
P001,Arroz Costeno 1kg,Alimentos,33,6,2.5,2025-08-01,2026-08-01
P001,Arroz Costeno 1kg,Alimentos,30,5,2.5,2025-08-22,2026-08-22
P001,Arroz Costeno 1kg,Alimentos,36,5,2.5,2025-09-13,2026-09-13
P001,Arroz Costeno 1kg,Alimentos,41,3,2.5,2025-10-03,2026-10-03
P001,Arroz Costeno 1kg,Alimentos,70,20,2.5,2025-11-07,2026-11-07
P001,Arroz Costeno 1kg,Alimentos,79,16,2.5,2025-11-25,2026-11-25
P001,Arroz Costeno 1kg,Alimentos,70,0,2.5,2025-12-15,2026-12-15
P001,Arroz Costeno 1kg,Alimentos,31,5,2.5,2025-12-31,2026-12-31
P001,Arroz Costeno 1kg,Alimentos,76,5,2.5,2026-01-24,2027-01-24
P001,Arroz Costeno 1kg,Alimentos,50,1,2.5,2026-02-12,2027-02-12
P001,Arroz Costeno 1kg,Alimentos,70,12,2.5,2026-03-03,2027-03-03
P001,Arroz Costeno 1kg,Alimentos,36,9,2.5,2026-03-18,2027-03-18
P001,Arroz Costeno 1kg,Alimentos,48,11,2.5,2026-04-07,2027-04-07
P001,Arroz Costeno 1kg,Alimentos,65,5,2.5,2026-04-25,2027-04-25
P002,Aceite Primor 1L,Alimentos,25,4,6.0,2023-09-01,2025-02-22
P002,Aceite Primor 1L,Alimentos,16,2,6.0,2023-09-30,2025-03-23
P002,Aceite Primor 1L,Alimentos,15,0,6.0,2023-10-29,2025-04-21
P002,Aceite Primor 1L,Alimentos,33,6,6.0,2023-12-05,2025-05-28
P002,Aceite Primor 1L,Alimentos,18,4,6.0,2024-01-08,2025-07-01
P002,Aceite Primor 1L,Alimentos,27,3,6.0,2024-02-15,2025-08-08
P002,Aceite Primor 1L,Alimentos,29,4,6.0,2024-03-25,2025-09-16
P002,Aceite Primor 1L,Alimentos,21,6,6.0,2024-04-30,2025-10-22
P002,Aceite Primor 1L,Alimentos,17,3,6.0,2024-06-13,2025-12-05
P002,Aceite Primor 1L,Alimentos,20,1,6.0,2024-07-10,2026-01-01
P002,Aceite Primor 1L,Alimentos,27,2,6.0,2024-08-14,2026-02-05
P002,Aceite Primor 1L,Alimentos,32,7,6.0,2024-09-25,2026-03-19
P002,Aceite Primor 1L,Alimentos,29,5,6.0,2024-10-22,2026-04-15
P002,Aceite Primor 1L,Alimentos,29,2,6.0,2024-12-06,2026-05-30
P002,Aceite Primor 1L,Alimentos,17,2,6.0,2025-01-20,2026-07-14
P002,Aceite Primor 1L,Alimentos,30,1,6.0,2025-02-20,2026-08-14
P002,Aceite Primor 1L,Alimentos,23,3,6.0,2025-03-17,2026-09-08
P002,Aceite Primor 1L,Alimentos,25,4,6.0,2025-04-29,2026-10-21
P002,Aceite Primor 1L,Alimentos,23,2,6.0,2025-06-10,2026-12-02
P002,Aceite Primor 1L,Alimentos,18,1,6.0,2025-07-23,2027-01-14
P002,Aceite Primor 1L,Alimentos,28,2,6.0,2025-08-19,2027-02-10
P002,Aceite Primor 1L,Alimentos,27,6,6.0,2025-09-22,2027-03-16
P002,Aceite Primor 1L,Alimentos,27,0,6.0,2025-10-18,2027-04-11
P002,Aceite Primor 1L,Alimentos,15,0,6.0,2025-11-12,2027-05-06
P002,Aceite Primor 1L,Alimentos,25,5,6.0,2025-12-18,2027-06-11
P002,Aceite Primor 1L,Alimentos,31,7,6.0,2026-01-12,2027-07-06
P002,Aceite Primor 1L,Alimentos,22,3,6.0,2026-02-21,2027-08-15
P002,Aceite Primor 1L,Alimentos,22,2,6.0,2026-03-22,2027-09-13
P003,Azucar Rubia 1kg,Alimentos,52,13,2.3,2023-09-01,2024-08-31
P003,Azucar Rubia 1kg,Alimentos,43,12,2.3,2023-09-24,2024-09-23
P003,Azucar Rubia 1kg,Alimentos,67,1,2.3,2023-10-14,2024-10-13
P003,Azucar Rubia 1kg,Alimentos,61,14,2.3,2023-11-08,2024-11-07
P003,Azucar Rubia 1kg,Alimentos,57,16,2.3,2023-11-24,2024-11-23
P003,Azucar Rubia 1kg,Alimentos,63,18,2.3,2023-12-10,2024-12-09
P003,Azucar Rubia 1kg,Alimentos,36,0,2.3,2023-12-29,2024-12-28
P003,Azucar Rubia 1kg,Alimentos,46,4,2.3,2024-01-18,2025-01-17
P003,Azucar Rubia 1kg,Alimentos,44,13,2.3,2024-02-02,2025-02-01
P003,Azucar Rubia 1kg,Alimentos,30,0,2.3,2024-02-25,2025-02-24
P003,Azucar Rubia 1kg,Alimentos,80,23,2.3,2024-03-12,2025-03-12
P003,Azucar Rubia 1kg,Alimentos,75,21,2.3,2024-03-27,2025-03-27
P003,Azucar Rubia 1kg,Alimentos,31,0,2.3,2024-04-14,2025-04-14
P003,Azucar Rubia 1kg,Alimentos,42,4,2.3,2024-05-02,2025-05-02
P003,Azucar Rubia 1kg,Alimentos,78,21,2.3,2024-05-27,2025-05-27
P003,Azucar Rubia 1kg,Alimentos,64,3,2.3,2024-06-15,2025-06-15
P003,Azucar Rubia 1kg,Alimentos,48,3,2.3,2024-07-02,2025-07-02
P003,Azucar Rubia 1kg,Alimentos,78,17,2.3,2024-07-26,2025-07-26
P003,Azucar Rubia 1kg,Alimentos,75,11,2.3,2024-08-11,2025-08-11
P003,Azucar Rubia 1kg,Alimentos,36,0,2.3,2024-09-02,2025-09-02
P003,Azucar Rubia 1kg,Alimentos,70,14,2.3,2024-09-21,2025-09-21
P003,Azucar Rubia 1kg,Alimentos,54,2,2.3,2024-10-12,2025-10-12
P003,Azucar Rubia 1kg,Alimentos,46,2,2.3,2024-11-04,2025-11-04
P003,Azucar Rubia 1kg,Alimentos,64,17,2.3,2024-11-29,2025-11-29
P003,Azucar Rubia 1kg,Alimentos,31,2,2.3,2024-12-18,2025-12-18
P003,Azucar Rubia 1kg,Alimentos,79,13,2.3,2025-01-12,2026-01-12
P003,Azucar Rubia 1kg,Alimentos,31,5,2.3,2025-01-30,2026-01-30
P003,Azucar Rubia 1kg,Alimentos,52,14,2.3,2025-03-11,2026-03-11
P003,Azucar Rubia 1kg,Alimentos,68,10,2.3,2025-03-27,2026-03-27
P003,Azucar Rubia 1kg,Alimentos,49,1,2.3,2025-04-29,2026-04-29
P003,Azucar Rubia 1kg,Alimentos,34,1,2.3,2025-05-18,2026-05-18
P003,Azucar Rubia 1kg,Alimentos,72,11,2.3,2025-06-09,2026-06-09
P003,Azucar Rubia 1kg,Alimentos,48,7,2.3,2025-07-04,2026-07-04
P003,Azucar Rubia 1kg,Alimentos,74,17,2.3,2025-07-24,2026-07-24
P003,Azucar Rubia 1kg,Alimentos,79,22,2.3,2025-08-16,2026-08-16
P003,Azucar Rubia 1kg,Alimentos,57,7,2.3,2025-09-04,2026-09-04
P003,Azucar Rubia 1kg,Alimentos,54,0,2.3,2025-09-19,2026-09-19
P003,Azucar Rubia 1kg,Alimentos,75,19,2.3,2025-10-12,2026-10-12
P003,Azucar Rubia 1kg,Alimentos,46,3,2.3,2025-10-28,2026-10-28
P003,Azucar Rubia 1kg,Alimentos,60,5,2.3,2025-11-19,2026-11-19
P003,Azucar Rubia 1kg,Alimentos,37,4,2.3,2025-12-05,2026-12-05
P003,Azucar Rubia 1kg,Alimentos,51,0,2.3,2025-12-25,2026-12-25
P003,Azucar Rubia 1kg,Alimentos,66,0,2.3,2026-01-17,2027-01-17
P003,Azucar Rubia 1kg,Alimentos,40,6,2.3,2026-02-10,2027-02-10
P003,Azucar Rubia 1kg,Alimentos,32,0,2.3,2026-02-25,2027-02-25
P003,Azucar Rubia 1kg,Alimentos,67,0,2.3,2026-03-22,2027-03-22
P003,Azucar Rubia 1kg,Alimentos,65,0,2.3,2026-04-15,2027-04-15
P004,Fideos Don Vittorio 500g,Alimentos,32,6,1.9,2023-09-01,2025-02-22
P004,Fideos Don Vittorio 500g,Alimentos,34,8,1.9,2023-09-25,2025-03-18
P004,Fideos Don Vittorio 500g,Alimentos,61,1,1.9,2023-10-17,2025-04-09
P004,Fideos Don Vittorio 500g,Alimentos,53,5,1.9,2023-11-10,2025-05-03
P004,Fideos Don Vittorio 500g,Alimentos,55,9,1.9,2023-12-05,2025-05-28
P004,Fideos Don Vittorio 500g,Alimentos,70,15,1.9,2023-12-24,2025-06-16
P004,Fideos Don Vittorio 500g,Alimentos,61,18,1.9,2024-01-17,2025-07-10
P004,Fideos Don Vittorio 500g,Alimentos,49,13,1.9,2024-02-08,2025-08-01
P004,Fideos Don Vittorio 500g,Alimentos,43,8,1.9,2024-02-23,2025-08-16
P004,Fideos Don Vittorio 500g,Alimentos,40,1,1.9,2024-03-14,2025-09-05
P004,Fideos Don Vittorio 500g,Alimentos,67,6,1.9,2024-04-01,2025-09-23
P004,Fideos Don Vittorio 500g,Alimentos,62,5,1.9,2024-04-17,2025-10-09
P004,Fideos Don Vittorio 500g,Alimentos,45,5,1.9,2024-05-12,2025-11-03
P004,Fideos Don Vittorio 500g,Alimentos,42,6,1.9,2024-05-29,2025-11-20
P004,Fideos Don Vittorio 500g,Alimentos,54,4,1.9,2024-06-17,2025-12-09
P004,Fideos Don Vittorio 500g,Alimentos,45,5,1.9,2024-07-07,2025-12-29
P004,Fideos Don Vittorio 500g,Alimentos,64,8,1.9,2024-07-24,2026-01-15
P004,Fideos Don Vittorio 500g,Alimentos,68,1,1.9,2024-08-09,2026-01-31
P004,Fideos Don Vittorio 500g,Alimentos,55,6,1.9,2024-08-30,2026-02-21
P004,Fideos Don Vittorio 500g,Alimentos,65,16,1.9,2024-09-19,2026-03-13
P004,Fideos Don Vittorio 500g,Alimentos,59,2,1.9,2024-10-10,2026-04-03
P004,Fideos Don Vittorio 500g,Alimentos,68,12,1.9,2024-11-01,2026-04-25
P004,Fideos Don Vittorio 500g,Alimentos,31,0,1.9,2024-11-22,2026-05-16
P004,Fideos Don Vittorio 500g,Alimentos,79,2,1.9,2024-12-12,2026-06-05
P004,Fideos Don Vittorio 500g,Alimentos,37,4,1.9,2024-12-31,2026-06-24
P004,Fideos Don Vittorio 500g,Alimentos,50,9,1.9,2025-01-22,2026-07-16
P004,Fideos Don Vittorio 500g,Alimentos,42,7,1.9,2025-02-06,2026-07-31
P004,Fideos Don Vittorio 500g,Alimentos,67,20,1.9,2025-02-22,2026-08-16
P004,Fideos Don Vittorio 500g,Alimentos,80,4,1.9,2025-03-13,2026-09-04
P004,Fideos Don Vittorio 500g,Alimentos,32,7,1.9,2025-03-30,2026-09-21
P004,Fideos Don Vittorio 500g,Alimentos,62,10,1.9,2025-04-22,2026-10-14
P004,Fideos Don Vittorio 500g,Alimentos,35,10,1.9,2025-05-17,2026-11-08
P004,Fideos Don Vittorio 500g,Alimentos,73,4,1.9,2025-06-10,2026-12-02
P004,Fideos Don Vittorio 500g,Alimentos,67,13,1.9,2025-07-05,2026-12-27
P004,Fideos Don Vittorio 500g,Alimentos,64,7,1.9,2025-07-26,2027-01-17
P004,Fideos Don Vittorio 500g,Alimentos,57,4,1.9,2025-08-13,2027-02-04
P004,Fideos Don Vittorio 500g,Alimentos,76,12,1.9,2025-09-05,2027-02-27
P004,Fideos Don Vittorio 500g,Alimentos,34,8,1.9,2025-09-21,2027-03-15
P004,Fideos Don Vittorio 500g,Alimentos,50,1,1.9,2025-10-06,2027-03-30
P004,Fideos Don Vittorio 500g,Alimentos,30,7,1.9,2025-10-24,2027-04-17
P004,Fideos Don Vittorio 500g,Alimentos,31,3,1.9,2025-12-03,2027-05-27
P004,Fideos Don Vittorio 500g,Alimentos,32,8,1.9,2025-12-25,2027-06-18
P004,Fideos Don Vittorio 500g,Alimentos,49,10,1.9,2026-01-09,2027-07-03
P004,Fideos Don Vittorio 500g,Alimentos,38,10,1.9,2026-01-31,2027-07-25
P004,Fideos Don Vittorio 500g,Alimentos,46,7,1.9,2026-02-17,2027-08-11
P004,Fideos Don Vittorio 500g,Alimentos,66,7,1.9,2026-03-11,2027-09-02
P004,Fideos Don Vittorio 500g,Alimentos,77,21,1.9,2026-04-03,2027-09-25
P004,Fideos Don Vittorio 500g,Alimentos,55,16,1.9,2026-04-21,2027-10-13
P005,Leche Gloria 400g,Lacteos,58,2,3.2,2023-09-01,2024-02-28
P005,Leche Gloria 400g,Lacteos,50,3,3.2,2023-09-16,2024-03-14
P005,Leche Gloria 400g,Lacteos,74,0,3.2,2023-10-08,2024-04-05
P005,Leche Gloria 400g,Lacteos,59,10,3.2,2023-10-27,2024-04-24
P005,Leche Gloria 400g,Lacteos,74,3,3.2,2023-11-19,2024-05-17
P005,Leche Gloria 400g,Lacteos,59,12,3.2,2023-12-07,2024-06-04
P005,Leche Gloria 400g,Lacteos,58,2,3.2,2023-12-23,2024-06-20
P005,Leche Gloria 400g,Lacteos,52,8,3.2,2024-01-09,2024-07-07
P005,Leche Gloria 400g,Lacteos,53,12,3.2,2024-01-25,2024-07-23
P005,Leche Gloria 400g,Lacteos,67,6,3.2,2024-02-19,2024-08-17
P005,Leche Gloria 400g,Lacteos,45,3,3.2,2024-03-08,2024-09-04
P005,Leche Gloria 400g,Lacteos,42,1,3.2,2024-03-23,2024-09-19
P005,Leche Gloria 400g,Lacteos,39,1,3.2,2024-04-16,2024-10-13
P005,Leche Gloria 400g,Lacteos,36,1,3.2,2024-05-03,2024-10-30
P005,Leche Gloria 400g,Lacteos,79,18,3.2,2024-05-26,2024-11-22
P005,Leche Gloria 400g,Lacteos,73,14,3.2,2024-06-17,2024-12-14
P005,Leche Gloria 400g,Lacteos,51,7,3.2,2024-07-08,2025-01-04
P005,Leche Gloria 400g,Lacteos,39,8,3.2,2024-08-01,2025-01-28
P005,Leche Gloria 400g,Lacteos,54,4,3.2,2024-08-25,2025-02-21
P005,Leche Gloria 400g,Lacteos,41,9,3.2,2024-09-18,2025-03-17
P005,Leche Gloria 400g,Lacteos,73,10,3.2,2024-10-13,2025-04-11
P005,Leche Gloria 400g,Lacteos,33,8,3.2,2024-10-29,2025-04-27
P005,Leche Gloria 400g,Lacteos,41,1,3.2,2024-11-18,2025-05-17
P005,Leche Gloria 400g,Lacteos,36,8,3.2,2024-12-13,2025-06-11
P005,Leche Gloria 400g,Lacteos,63,5,3.2,2024-12-30,2025-06-28
P005,Leche Gloria 400g,Lacteos,59,1,3.2,2025-01-22,2025-07-21
P005,Leche Gloria 400g,Lacteos,45,3,3.2,2025-02-10,2025-08-09
P005,Leche Gloria 400g,Lacteos,74,11,3.2,2025-03-01,2025-08-28
P005,Leche Gloria 400g,Lacteos,39,11,3.2,2025-03-25,2025-09-21
P005,Leche Gloria 400g,Lacteos,41,2,3.2,2025-04-12,2025-10-09
P005,Leche Gloria 400g,Lacteos,71,3,3.2,2025-05-06,2025-11-02
P005,Leche Gloria 400g,Lacteos,65,18,3.2,2025-05-31,2025-11-27
P005,Leche Gloria 400g,Lacteos,76,1,3.2,2025-06-15,2025-12-12
P005,Leche Gloria 400g,Lacteos,55,14,3.2,2025-07-04,2025-12-31
P005,Leche Gloria 400g,Lacteos,55,7,3.2,2025-07-20,2026-01-16
P005,Leche Gloria 400g,Lacteos,59,6,3.2,2025-08-07,2026-02-03
P005,Leche Gloria 400g,Lacteos,48,10,3.2,2025-08-22,2026-02-18
P005,Leche Gloria 400g,Lacteos,48,1,3.2,2025-09-09,2026-03-08
P005,Leche Gloria 400g,Lacteos,69,9,3.2,2025-10-03,2026-04-01
P005,Leche Gloria 400g,Lacteos,50,13,3.2,2025-10-18,2026-04-16
P005,Leche Gloria 400g,Lacteos,37,8,3.2,2025-11-07,2026-05-06
P005,Leche Gloria 400g,Lacteos,35,0,3.2,2025-11-22,2026-05-21
P005,Leche Gloria 400g,Lacteos,48,0,3.2,2025-12-12,2026-06-10
P005,Leche Gloria 400g,Lacteos,41,10,3.2,2025-12-30,2026-06-28
P005,Leche Gloria 400g,Lacteos,54,4,3.2,2026-01-15,2026-07-14
P005,Leche Gloria 400g,Lacteos,37,8,3.2,2026-02-01,2026-07-31
P005,Leche Gloria 400g,Lacteos,59,14,3.2,2026-02-22,2026-08-21
P005,Leche Gloria 400g,Lacteos,42,7,3.2,2026-03-18,2026-09-14
P005,Leche Gloria 400g,Lacteos,58,0,3.2,2026-04-04,2026-10-01
P005,Leche Gloria 400g,Lacteos,53,11,3.2,2026-04-19,2026-10-16
P006,Yogurt Laive 1L,Lacteos,22,6,5.5,2023-09-01,2023-09-22
P006,Yogurt Laive 1L,Lacteos,15,0,5.5,2023-09-26,2023-10-17
P006,Yogurt Laive 1L,Lacteos,16,0,5.5,2023-11-10,2023-12-01
P006,Yogurt Laive 1L,Lacteos,34,3,5.5,2023-12-05,2023-12-26
P006,Yogurt Laive 1L,Lacteos,31,2,5.5,2024-01-07,2024-01-28
P006,Yogurt Laive 1L,Lacteos,26,1,5.5,2024-02-12,2024-03-04
P006,Yogurt Laive 1L,Lacteos,34,8,5.5,2024-03-10,2024-03-31
P006,Yogurt Laive 1L,Lacteos,28,5,5.5,2024-04-04,2024-04-25
P006,Yogurt Laive 1L,Lacteos,25,6,5.5,2024-05-11,2024-06-01
P006,Yogurt Laive 1L,Lacteos,15,4,5.5,2024-06-12,2024-07-03
P006,Yogurt Laive 1L,Lacteos,19,5,5.5,2024-07-08,2024-07-29
P006,Yogurt Laive 1L,Lacteos,15,3,5.5,2024-08-13,2024-09-03
P006,Yogurt Laive 1L,Lacteos,30,4,5.5,2024-09-19,2024-10-10
P006,Yogurt Laive 1L,Lacteos,23,4,5.5,2024-10-16,2024-11-06
P006,Yogurt Laive 1L,Lacteos,24,4,5.5,2024-11-25,2024-12-16
P006,Yogurt Laive 1L,Lacteos,29,6,5.5,2024-12-24,2025-01-14
P006,Yogurt Laive 1L,Lacteos,15,0,5.5,2025-02-05,2025-02-26
P006,Yogurt Laive 1L,Lacteos,28,5,5.5,2025-03-14,2025-04-04
P006,Yogurt Laive 1L,Lacteos,26,2,5.5,2025-04-10,2025-05-01
P006,Yogurt Laive 1L,Lacteos,22,6,5.5,2025-05-07,2025-05-28
P006,Yogurt Laive 1L,Lacteos,28,7,5.5,2025-06-14,2025-07-05
P006,Yogurt Laive 1L,Lacteos,15,2,5.5,2025-07-29,2025-08-19
P006,Yogurt Laive 1L,Lacteos,35,9,5.5,2025-08-30,2025-09-20
P006,Yogurt Laive 1L,Lacteos,32,6,5.5,2025-10-05,2025-10-26
P006,Yogurt Laive 1L,Lacteos,21,1,5.5,2025-11-01,2025-11-22
P006,Yogurt Laive 1L,Lacteos,26,1,5.5,2025-12-05,2025-12-26
P006,Yogurt Laive 1L,Lacteos,23,4,5.5,2026-01-19,2026-02-09
P006,Yogurt Laive 1L,Lacteos,19,3,5.5,2026-02-27,2026-03-20
P006,Yogurt Laive 1L,Lacteos,20,0,5.5,2026-04-05,2026-04-26
P007,Queso Fresco 250g,Lacteos,13,9,3.6,2023-09-01,2023-09-15
P007,Queso Fresco 250g,Lacteos,17,15,3.6,2023-10-11,2023-10-25
P007,Queso Fresco 250g,Lacteos,11,10,3.6,2023-11-22,2023-12-06
P007,Queso Fresco 250g,Lacteos,8,5,3.6,2024-01-13,2024-01-27
P007,Queso Fresco 250g,Lacteos,9,9,3.6,2024-03-12,2024-03-26
P007,Queso Fresco 250g,Lacteos,20,18,3.6,2024-05-03,2024-05-17
P007,Queso Fresco 250g,Lacteos,15,11,3.6,2024-08-31,2024-09-14
P007,Queso Fresco 250g,Lacteos,17,11,3.6,2024-10-27,2024-11-10
P007,Queso Fresco 250g,Lacteos,8,4,3.6,2024-12-24,2025-01-07
P007,Queso Fresco 250g,Lacteos,16,10,3.6,2025-04-13,2025-04-27
P007,Queso Fresco 250g,Lacteos,10,5,3.6,2025-06-09,2025-06-23
P007,Queso Fresco 250g,Lacteos,10,5,3.6,2025-07-23,2025-08-06
P007,Queso Fresco 250g,Lacteos,14,7,3.6,2025-09-12,2025-09-26
P007,Queso Fresco 250g,Lacteos,11,8,3.6,2025-11-07,2025-11-21
P007,Queso Fresco 250g,Lacteos,19,19,3.6,2026-01-14,2026-01-28
P007,Queso Fresco 250g,Lacteos,18,18,3.6,2026-02-25,2026-03-11
P007,Queso Fresco 250g,Lacteos,10,10,3.6,2026-04-07,2026-04-21
P008,Mantequilla Laive 100g,Lacteos,15,14,3.0,2023-09-01,2023-11-30
P008,Mantequilla Laive 100g,Lacteos,12,11,3.0,2023-11-04,2024-02-02
P008,Mantequilla Laive 100g,Lacteos,20,12,3.0,2023-12-31,2024-03-30
P008,Mantequilla Laive 100g,Lacteos,16,10,3.0,2024-02-14,2024-05-14
P008,Mantequilla Laive 100g,Lacteos,8,7,3.0,2024-04-13,2024-07-12
P008,Mantequilla Laive 100g,Lacteos,20,19,3.0,2024-06-18,2024-09-16
P008,Mantequilla Laive 100g,Lacteos,10,9,3.0,2024-08-02,2024-10-31
P008,Mantequilla Laive 100g,Lacteos,19,18,3.0,2024-09-26,2024-12-25
P008,Mantequilla Laive 100g,Lacteos,16,8,3.0,2024-11-08,2025-02-06
P008,Mantequilla Laive 100g,Lacteos,16,10,3.0,2024-12-30,2025-03-30
P008,Mantequilla Laive 100g,Lacteos,15,9,3.0,2025-02-23,2025-05-24
P008,Mantequilla Laive 100g,Lacteos,13,10,3.0,2025-04-16,2025-07-15
P008,Mantequilla Laive 100g,Lacteos,9,7,3.0,2025-06-14,2025-09-12
P008,Mantequilla Laive 100g,Lacteos,15,9,3.0,2025-08-08,2025-11-06
P008,Mantequilla Laive 100g,Lacteos,13,13,3.0,2025-09-29,2025-12-28
P008,Mantequilla Laive 100g,Lacteos,13,7,3.0,2025-11-12,2026-02-10
P008,Mantequilla Laive 100g,Lacteos,17,16,3.0,2026-01-01,2026-04-01
P008,Mantequilla Laive 100g,Lacteos,17,17,3.0,2026-03-01,2026-05-30
P008,Mantequilla Laive 100g,Lacteos,16,11,3.0,2026-04-11,2026-07-10
P009,Coca Cola 500ml,Bebidas,73,7,1.6,2023-09-01,2023-11-30
P009,Coca Cola 500ml,Bebidas,79,11,1.6,2023-09-21,2023-12-20
P009,Coca Cola 500ml,Bebidas,72,16,1.6,2023-10-12,2024-01-10
P009,Coca Cola 500ml,Bebidas,68,3,1.6,2023-10-30,2024-01-28
P009,Coca Cola 500ml,Bebidas,62,13,1.6,2023-11-15,2024-02-13
P009,Coca Cola 500ml,Bebidas,56,12,1.6,2023-12-01,2024-02-29
P009,Coca Cola 500ml,Bebidas,79,14,1.6,2023-12-26,2024-03-25
P009,Coca Cola 500ml,Bebidas,49,13,1.6,2024-01-11,2024-04-10
P009,Coca Cola 500ml,Bebidas,74,11,1.6,2024-01-28,2024-04-27
P009,Coca Cola 500ml,Bebidas,71,18,1.6,2024-02-19,2024-05-19
P009,Coca Cola 500ml,Bebidas,72,21,1.6,2024-03-08,2024-06-06
P009,Coca Cola 500ml,Bebidas,33,4,1.6,2024-03-27,2024-06-25
P009,Coca Cola 500ml,Bebidas,42,0,1.6,2024-05-01,2024-07-30
P009,Coca Cola 500ml,Bebidas,75,19,1.6,2024-05-16,2024-08-14
P009,Coca Cola 500ml,Bebidas,44,13,1.6,2024-06-10,2024-09-08
P009,Coca Cola 500ml,Bebidas,76,13,1.6,2024-07-01,2024-09-29
P009,Coca Cola 500ml,Bebidas,68,6,1.6,2024-07-21,2024-10-19
P009,Coca Cola 500ml,Bebidas,46,8,1.6,2024-08-12,2024-11-10
P009,Coca Cola 500ml,Bebidas,64,8,1.6,2024-09-06,2024-12-05
P009,Coca Cola 500ml,Bebidas,31,7,1.6,2024-09-24,2024-12-23
P009,Coca Cola 500ml,Bebidas,42,0,1.6,2024-10-16,2025-01-14
P009,Coca Cola 500ml,Bebidas,37,8,1.6,2024-11-10,2025-02-08
P009,Coca Cola 500ml,Bebidas,57,1,1.6,2024-11-26,2025-02-24
P009,Coca Cola 500ml,Bebidas,60,14,1.6,2024-12-11,2025-03-11
P009,Coca Cola 500ml,Bebidas,49,14,1.6,2025-01-21,2025-04-21
P009,Coca Cola 500ml,Bebidas,33,0,1.6,2025-02-12,2025-05-13
P009,Coca Cola 500ml,Bebidas,63,0,1.6,2025-03-09,2025-06-07
P009,Coca Cola 500ml,Bebidas,33,1,1.6,2025-03-25,2025-06-23
P009,Coca Cola 500ml,Bebidas,64,0,1.6,2025-04-11,2025-07-10
P009,Coca Cola 500ml,Bebidas,67,1,1.6,2025-05-02,2025-07-31
P009,Coca Cola 500ml,Bebidas,56,13,1.6,2025-05-17,2025-08-15
P009,Coca Cola 500ml,Bebidas,49,5,1.6,2025-06-03,2025-09-01
P009,Coca Cola 500ml,Bebidas,75,15,1.6,2025-06-24,2025-09-22
P009,Coca Cola 500ml,Bebidas,71,11,1.6,2025-07-09,2025-10-07
P009,Coca Cola 500ml,Bebidas,40,1,1.6,2025-07-26,2025-10-24
P009,Coca Cola 500ml,Bebidas,73,7,1.6,2025-08-30,2025-11-28
P009,Coca Cola 500ml,Bebidas,56,3,1.6,2025-09-18,2025-12-17
P009,Coca Cola 500ml,Bebidas,74,15,1.6,2025-10-08,2026-01-06
P009,Coca Cola 500ml,Bebidas,60,9,1.6,2025-10-26,2026-01-24
P009,Coca Cola 500ml,Bebidas,39,1,1.6,2025-11-17,2026-02-15
P009,Coca Cola 500ml,Bebidas,62,9,1.6,2025-12-08,2026-03-08
P009,Coca Cola 500ml,Bebidas,47,7,1.6,2026-01-01,2026-04-01
P009,Coca Cola 500ml,Bebidas,66,7,1.6,2026-01-26,2026-04-26
P009,Coca Cola 500ml,Bebidas,73,10,1.6,2026-02-20,2026-05-21
P009,Coca Cola 500ml,Bebidas,70,12,1.6,2026-03-14,2026-06-12
P009,Coca Cola 500ml,Bebidas,72,3,1.6,2026-04-08,2026-07-07
P009,Coca Cola 500ml,Bebidas,35,10,1.6,2026-04-27,2026-07-26
P010,Inca Kola 1.5L,Bebidas,30,4,3.8,2023-09-01,2023-11-30
P010,Inca Kola 1.5L,Bebidas,42,10,3.8,2023-09-16,2023-12-15
P010,Inca Kola 1.5L,Bebidas,36,10,3.8,2023-10-08,2024-01-06
P010,Inca Kola 1.5L,Bebidas,44,1,3.8,2023-10-24,2024-01-22
P010,Inca Kola 1.5L,Bebidas,69,10,3.8,2023-11-09,2024-02-07
P010,Inca Kola 1.5L,Bebidas,31,1,3.8,2023-11-27,2024-02-25
P010,Inca Kola 1.5L,Bebidas,77,22,3.8,2023-12-18,2024-03-17
P010,Inca Kola 1.5L,Bebidas,40,5,3.8,2024-01-11,2024-04-10
P010,Inca Kola 1.5L,Bebidas,53,7,3.8,2024-01-30,2024-04-29
P010,Inca Kola 1.5L,Bebidas,31,6,3.8,2024-02-16,2024-05-16
P010,Inca Kola 1.5L,Bebidas,50,0,3.8,2024-03-04,2024-06-02
P010,Inca Kola 1.5L,Bebidas,67,10,3.8,2024-03-28,2024-06-26
P010,Inca Kola 1.5L,Bebidas,63,4,3.8,2024-04-21,2024-07-20
P010,Inca Kola 1.5L,Bebidas,67,20,3.8,2024-05-16,2024-08-14
P010,Inca Kola 1.5L,Bebidas,62,7,3.8,2024-06-04,2024-09-02
P010,Inca Kola 1.5L,Bebidas,38,10,3.8,2024-06-19,2024-09-17
P010,Inca Kola 1.5L,Bebidas,62,7,3.8,2024-07-11,2024-10-09
P010,Inca Kola 1.5L,Bebidas,51,7,3.8,2024-08-03,2024-11-01
P010,Inca Kola 1.5L,Bebidas,32,2,3.8,2024-08-27,2024-11-25
P010,Inca Kola 1.5L,Bebidas,77,13,3.8,2024-09-12,2024-12-11
P010,Inca Kola 1.5L,Bebidas,46,9,3.8,2024-10-05,2025-01-03
P010,Inca Kola 1.5L,Bebidas,51,10,3.8,2024-10-24,2025-01-22
P010,Inca Kola 1.5L,Bebidas,40,2,3.8,2024-11-15,2025-02-13
P010,Inca Kola 1.5L,Bebidas,66,3,3.8,2024-12-08,2025-03-08
P010,Inca Kola 1.5L,Bebidas,50,15,3.8,2024-12-23,2025-03-23
P010,Inca Kola 1.5L,Bebidas,63,4,3.8,2025-01-16,2025-04-16
P010,Inca Kola 1.5L,Bebidas,40,7,3.8,2025-02-03,2025-05-04
P010,Inca Kola 1.5L,Bebidas,54,16,3.8,2025-02-26,2025-05-27
P010,Inca Kola 1.5L,Bebidas,78,2,3.8,2025-03-20,2025-06-18
P010,Inca Kola 1.5L,Bebidas,36,4,3.8,2025-04-12,2025-07-11
P010,Inca Kola 1.5L,Bebidas,69,7,3.8,2025-04-30,2025-07-29
P010,Inca Kola 1.5L,Bebidas,77,21,3.8,2025-05-24,2025-08-22
P010,Inca Kola 1.5L,Bebidas,40,3,3.8,2025-06-14,2025-09-12
P010,Inca Kola 1.5L,Bebidas,39,8,3.8,2025-07-06,2025-10-04
P010,Inca Kola 1.5L,Bebidas,71,18,3.8,2025-07-27,2025-10-25
P010,Inca Kola 1.5L,Bebidas,46,13,3.8,2025-08-15,2025-11-13
P010,Inca Kola 1.5L,Bebidas,44,8,3.8,2025-09-09,2025-12-08
P010,Inca Kola 1.5L,Bebidas,31,5,3.8,2025-10-01,2025-12-30
P010,Inca Kola 1.5L,Bebidas,36,1,3.8,2025-10-24,2026-01-22
P010,Inca Kola 1.5L,Bebidas,63,14,3.8,2025-11-13,2026-02-11
P010,Inca Kola 1.5L,Bebidas,45,5,3.8,2025-12-14,2026-03-14
P010,Inca Kola 1.5L,Bebidas,50,3,3.8,2025-12-29,2026-03-29
P010,Inca Kola 1.5L,Bebidas,44,2,3.8,2026-01-20,2026-04-20
P010,Inca Kola 1.5L,Bebidas,61,16,3.8,2026-02-10,2026-05-11
P010,Inca Kola 1.5L,Bebidas,78,1,3.8,2026-03-05,2026-06-03
P010,Inca Kola 1.5L,Bebidas,68,16,3.8,2026-03-26,2026-06-24
P010,Inca Kola 1.5L,Bebidas,71,11,3.8,2026-04-12,2026-07-11
P011,Agua San Luis 625ml,Bebidas,34,4,0.9,2023-09-01,2024-08-31
P011,Agua San Luis 625ml,Bebidas,77,5,0.9,2023-09-24,2024-09-23
P011,Agua San Luis 625ml,Bebidas,65,18,0.9,2023-10-16,2024-10-15
P011,Agua San Luis 625ml,Bebidas,79,4,0.9,2023-11-01,2024-10-31
P011,Agua San Luis 625ml,Bebidas,64,7,0.9,2023-11-23,2024-11-22
P011,Agua San Luis 625ml,Bebidas,57,17,0.9,2023-12-18,2024-12-17
P011,Agua San Luis 625ml,Bebidas,79,8,0.9,2024-01-08,2025-01-07
P011,Agua San Luis 625ml,Bebidas,45,1,0.9,2024-01-27,2025-01-26
P011,Agua San Luis 625ml,Bebidas,38,0,0.9,2024-02-20,2025-02-19
P011,Agua San Luis 625ml,Bebidas,31,7,0.9,2024-03-08,2025-03-08
P011,Agua San Luis 625ml,Bebidas,43,5,0.9,2024-03-31,2025-03-31
P011,Agua San Luis 625ml,Bebidas,66,6,0.9,2024-04-19,2025-04-19
P011,Agua San Luis 625ml,Bebidas,61,8,0.9,2024-05-10,2025-05-10
P011,Agua San Luis 625ml,Bebidas,38,0,0.9,2024-06-02,2025-06-02
P011,Agua San Luis 625ml,Bebidas,48,0,0.9,2024-06-21,2025-06-21
P011,Agua San Luis 625ml,Bebidas,32,8,0.9,2024-07-08,2025-07-08
P011,Agua San Luis 625ml,Bebidas,52,1,0.9,2024-07-28,2025-07-28
P011,Agua San Luis 625ml,Bebidas,53,0,0.9,2024-08-16,2025-08-16
P011,Agua San Luis 625ml,Bebidas,54,5,0.9,2024-09-03,2025-09-03
P011,Agua San Luis 625ml,Bebidas,40,6,0.9,2024-09-28,2025-09-28
P011,Agua San Luis 625ml,Bebidas,46,1,0.9,2024-10-23,2025-10-23
P011,Agua San Luis 625ml,Bebidas,75,5,0.9,2024-11-12,2025-11-12
P011,Agua San Luis 625ml,Bebidas,33,2,0.9,2024-11-29,2025-11-29
P011,Agua San Luis 625ml,Bebidas,35,3,0.9,2024-12-14,2025-12-14
P011,Agua San Luis 625ml,Bebidas,43,2,0.9,2025-01-08,2026-01-08
P011,Agua San Luis 625ml,Bebidas,75,14,0.9,2025-01-25,2026-01-25
P011,Agua San Luis 625ml,Bebidas,71,9,0.9,2025-02-17,2026-02-17
P011,Agua San Luis 625ml,Bebidas,39,7,0.9,2025-03-14,2026-03-14
P011,Agua San Luis 625ml,Bebidas,58,0,0.9,2025-03-31,2026-03-31
P011,Agua San Luis 625ml,Bebidas,48,4,0.9,2025-04-15,2026-04-15
P011,Agua San Luis 625ml,Bebidas,59,1,0.9,2025-05-06,2026-05-06
P011,Agua San Luis 625ml,Bebidas,53,4,0.9,2025-05-21,2026-05-21
P011,Agua San Luis 625ml,Bebidas,41,8,0.9,2025-06-15,2026-06-15
P011,Agua San Luis 625ml,Bebidas,35,8,0.9,2025-07-01,2026-07-01
P011,Agua San Luis 625ml,Bebidas,52,8,0.9,2025-07-17,2026-07-17
P011,Agua San Luis 625ml,Bebidas,71,5,0.9,2025-08-01,2026-08-01
P011,Agua San Luis 625ml,Bebidas,47,8,0.9,2025-08-17,2026-08-17
P011,Agua San Luis 625ml,Bebidas,55,12,0.9,2025-09-08,2026-09-08
P011,Agua San Luis 625ml,Bebidas,51,0,0.9,2025-09-27,2026-09-27
P011,Agua San Luis 625ml,Bebidas,66,8,0.9,2025-10-17,2026-10-17
P011,Agua San Luis 625ml,Bebidas,62,4,0.9,2025-11-02,2026-11-02
P011,Agua San Luis 625ml,Bebidas,53,2,0.9,2025-11-21,2026-11-21
P011,Agua San Luis 625ml,Bebidas,46,7,0.9,2025-12-14,2026-12-14
P011,Agua San Luis 625ml,Bebidas,73,9,0.9,2026-01-07,2027-01-07
P011,Agua San Luis 625ml,Bebidas,43,4,0.9,2026-01-22,2027-01-22
P011,Agua San Luis 625ml,Bebidas,39,2,0.9,2026-02-11,2027-02-11
P011,Agua San Luis 625ml,Bebidas,44,0,0.9,2026-03-08,2027-03-08
P011,Agua San Luis 625ml,Bebidas,71,9,0.9,2026-04-02,2027-04-02
P011,Agua San Luis 625ml,Bebidas,59,13,0.9,2026-04-24,2027-04-24
P012,Cerveza Cristal 650ml,Bebidas,29,3,3.5,2023-09-01,2023-11-30
P012,Cerveza Cristal 650ml,Bebidas,16,0,3.5,2023-10-13,2024-01-11
P012,Cerveza Cristal 650ml,Bebidas,17,0,3.5,2023-11-12,2024-02-10
P012,Cerveza Cristal 650ml,Bebidas,28,3,3.5,2023-12-19,2024-03-18
P012,Cerveza Cristal 650ml,Bebidas,28,6,3.5,2024-01-27,2024-04-26
P012,Cerveza Cristal 650ml,Bebidas,35,5,3.5,2024-03-08,2024-06-06
P012,Cerveza Cristal 650ml,Bebidas,17,4,3.5,2024-04-22,2024-07-21
P012,Cerveza Cristal 650ml,Bebidas,26,7,3.5,2024-06-03,2024-09-01
P012,Cerveza Cristal 650ml,Bebidas,20,0,3.5,2024-07-15,2024-10-13
P012,Cerveza Cristal 650ml,Bebidas,20,5,3.5,2024-08-23,2024-11-21
P012,Cerveza Cristal 650ml,Bebidas,26,1,3.5,2024-10-04,2025-01-02
P012,Cerveza Cristal 650ml,Bebidas,22,2,3.5,2024-11-09,2025-02-07
P012,Cerveza Cristal 650ml,Bebidas,31,8,3.5,2024-12-22,2025-03-22
P012,Cerveza Cristal 650ml,Bebidas,31,1,3.5,2025-01-17,2025-04-17
P012,Cerveza Cristal 650ml,Bebidas,30,4,3.5,2025-02-11,2025-05-12
P012,Cerveza Cristal 650ml,Bebidas,17,2,3.5,2025-03-12,2025-06-10
P012,Cerveza Cristal 650ml,Bebidas,22,5,3.5,2025-04-09,2025-07-08
P012,Cerveza Cristal 650ml,Bebidas,15,4,3.5,2025-05-17,2025-08-15
P012,Cerveza Cristal 650ml,Bebidas,34,10,3.5,2025-06-13,2025-09-11
P012,Cerveza Cristal 650ml,Bebidas,31,1,3.5,2025-07-22,2025-10-20
P012,Cerveza Cristal 650ml,Bebidas,24,7,3.5,2025-08-23,2025-11-21
P012,Cerveza Cristal 650ml,Bebidas,23,4,3.5,2025-09-20,2025-12-19
P012,Cerveza Cristal 650ml,Bebidas,33,7,3.5,2025-12-01,2026-03-01
P012,Cerveza Cristal 650ml,Bebidas,15,2,3.5,2025-12-31,2026-03-31
P012,Cerveza Cristal 650ml,Bebidas,21,4,3.5,2026-01-31,2026-05-01
P012,Cerveza Cristal 650ml,Bebidas,33,0,3.5,2026-02-27,2026-05-28
P012,Cerveza Cristal 650ml,Bebidas,30,3,3.5,2026-03-24,2026-06-22
P012,Cerveza Cristal 650ml,Bebidas,34,7,3.5,2026-04-21,2026-07-20
P013,Energizante Volt 473ml,Bebidas,10,5,2.4,2023-09-01,2024-02-28
P013,Energizante Volt 473ml,Bebidas,20,11,2.4,2023-10-25,2024-04-22
P013,Energizante Volt 473ml,Bebidas,17,13,2.4,2023-12-05,2024-06-02
P013,Energizante Volt 473ml,Bebidas,15,14,2.4,2024-01-24,2024-07-22
P013,Energizante Volt 473ml,Bebidas,8,8,2.4,2024-03-12,2024-09-08
P013,Energizante Volt 473ml,Bebidas,15,9,2.4,2024-05-12,2024-11-08
P013,Energizante Volt 473ml,Bebidas,14,8,2.4,2024-06-27,2024-12-24
P013,Energizante Volt 473ml,Bebidas,16,11,2.4,2024-09-01,2025-02-28
P013,Energizante Volt 473ml,Bebidas,9,6,2.4,2024-11-10,2025-05-09
P013,Energizante Volt 473ml,Bebidas,8,5,2.4,2024-12-20,2025-06-18
P013,Energizante Volt 473ml,Bebidas,14,11,2.4,2025-02-19,2025-08-18
P013,Energizante Volt 473ml,Bebidas,15,13,2.4,2025-04-07,2025-10-04
P013,Energizante Volt 473ml,Bebidas,13,8,2.4,2025-06-08,2025-12-05
P013,Energizante Volt 473ml,Bebidas,15,12,2.4,2025-07-19,2026-01-15
P013,Energizante Volt 473ml,Bebidas,12,9,2.4,2025-09-18,2026-03-17
P013,Energizante Volt 473ml,Bebidas,9,6,2.4,2025-11-07,2026-05-06
P013,Energizante Volt 473ml,Bebidas,15,11,2.4,2025-12-18,2026-06-16
P013,Energizante Volt 473ml,Bebidas,11,7,2.4,2026-01-27,2026-07-26
P013,Energizante Volt 473ml,Bebidas,15,15,2.4,2026-03-27,2026-09-23
P014,Galletas Oreo 12u,Snacks,75,21,1.7,2023-09-01,2024-02-28
P014,Galletas Oreo 12u,Snacks,66,2,1.7,2023-09-17,2024-03-15
P014,Galletas Oreo 12u,Snacks,80,7,1.7,2023-10-07,2024-04-04
P014,Galletas Oreo 12u,Snacks,46,10,1.7,2023-10-22,2024-04-19
P014,Galletas Oreo 12u,Snacks,37,4,1.7,2023-11-08,2024-05-06
P014,Galletas Oreo 12u,Snacks,73,10,1.7,2023-12-02,2024-05-30
P014,Galletas Oreo 12u,Snacks,54,10,1.7,2023-12-19,2024-06-16
P014,Galletas Oreo 12u,Snacks,39,7,1.7,2024-01-12,2024-07-10
P014,Galletas Oreo 12u,Snacks,31,4,1.7,2024-02-04,2024-08-02
P014,Galletas Oreo 12u,Snacks,42,9,1.7,2024-02-21,2024-08-19
P014,Galletas Oreo 12u,Snacks,63,10,1.7,2024-03-16,2024-09-12
P014,Galletas Oreo 12u,Snacks,33,0,1.7,2024-04-01,2024-09-28
P014,Galletas Oreo 12u,Snacks,63,15,1.7,2024-04-25,2024-10-22
P014,Galletas Oreo 12u,Snacks,31,8,1.7,2024-05-10,2024-11-06
P014,Galletas Oreo 12u,Snacks,70,1,1.7,2024-05-29,2024-11-25
P014,Galletas Oreo 12u,Snacks,43,3,1.7,2024-06-16,2024-12-13
P014,Galletas Oreo 12u,Snacks,41,5,1.7,2024-07-08,2025-01-04
P014,Galletas Oreo 12u,Snacks,73,15,1.7,2024-08-01,2025-01-28
P014,Galletas Oreo 12u,Snacks,61,2,1.7,2024-08-22,2025-02-18
P014,Galletas Oreo 12u,Snacks,76,3,1.7,2024-09-11,2025-03-10
P014,Galletas Oreo 12u,Snacks,44,9,1.7,2024-09-29,2025-03-28
P014,Galletas Oreo 12u,Snacks,68,1,1.7,2024-10-20,2025-04-18
P014,Galletas Oreo 12u,Snacks,47,3,1.7,2024-11-14,2025-05-13
P014,Galletas Oreo 12u,Snacks,40,12,1.7,2024-12-07,2025-06-05
P014,Galletas Oreo 12u,Snacks,56,2,1.7,2024-12-24,2025-06-22
P014,Galletas Oreo 12u,Snacks,70,11,1.7,2025-02-02,2025-08-01
P014,Galletas Oreo 12u,Snacks,65,19,1.7,2025-02-17,2025-08-16
P014,Galletas Oreo 12u,Snacks,61,9,1.7,2025-03-09,2025-09-05
P014,Galletas Oreo 12u,Snacks,59,10,1.7,2025-04-03,2025-09-30
P014,Galletas Oreo 12u,Snacks,73,21,1.7,2025-04-26,2025-10-23
P014,Galletas Oreo 12u,Snacks,71,0,1.7,2025-05-14,2025-11-10
P014,Galletas Oreo 12u,Snacks,50,15,1.7,2025-06-06,2025-12-03
P014,Galletas Oreo 12u,Snacks,30,8,1.7,2025-06-22,2025-12-19
P014,Galletas Oreo 12u,Snacks,76,12,1.7,2025-07-09,2026-01-05
P014,Galletas Oreo 12u,Snacks,67,9,1.7,2025-07-25,2026-01-21
P014,Galletas Oreo 12u,Snacks,30,9,1.7,2025-08-16,2026-02-12
P014,Galletas Oreo 12u,Snacks,63,3,1.7,2025-09-01,2026-02-28
P014,Galletas Oreo 12u,Snacks,57,5,1.7,2025-09-20,2026-03-19
P014,Galletas Oreo 12u,Snacks,60,1,1.7,2025-10-08,2026-04-06
P014,Galletas Oreo 12u,Snacks,78,13,1.7,2025-10-28,2026-04-26
P014,Galletas Oreo 12u,Snacks,40,10,1.7,2025-11-21,2026-05-20
P014,Galletas Oreo 12u,Snacks,40,10,1.7,2025-12-11,2026-06-09
P014,Galletas Oreo 12u,Snacks,69,16,1.7,2025-12-26,2026-06-24
P014,Galletas Oreo 12u,Snacks,73,14,1.7,2026-01-16,2026-07-15
P014,Galletas Oreo 12u,Snacks,77,23,1.7,2026-02-10,2026-08-09
P014,Galletas Oreo 12u,Snacks,54,5,1.7,2026-03-06,2026-09-02
P014,Galletas Oreo 12u,Snacks,59,9,1.7,2026-03-27,2026-09-23
P014,Galletas Oreo 12u,Snacks,76,18,1.7,2026-04-14,2026-10-11
P015,Papas Lays 42g,Snacks,52,12,1.3,2023-09-01,2023-12-30
P015,Papas Lays 42g,Snacks,32,8,1.3,2023-09-23,2024-01-21
P015,Papas Lays 42g,Snacks,75,8,1.3,2023-10-13,2024-02-10
P015,Papas Lays 42g,Snacks,31,1,1.3,2023-10-28,2024-02-25
P015,Papas Lays 42g,Snacks,31,7,1.3,2023-11-15,2024-03-14
P015,Papas Lays 42g,Snacks,41,4,1.3,2023-12-10,2024-04-08
P015,Papas Lays 42g,Snacks,71,6,1.3,2024-01-02,2024-05-01
P015,Papas Lays 42g,Snacks,60,2,1.3,2024-01-20,2024-05-19
P015,Papas Lays 42g,Snacks,47,11,1.3,2024-02-04,2024-06-03
P015,Papas Lays 42g,Snacks,59,5,1.3,2024-02-20,2024-06-19
P015,Papas Lays 42g,Snacks,66,0,1.3,2024-03-08,2024-07-06
P015,Papas Lays 42g,Snacks,36,5,1.3,2024-03-31,2024-07-29
P015,Papas Lays 42g,Snacks,72,17,1.3,2024-04-25,2024-08-23
P015,Papas Lays 42g,Snacks,60,7,1.3,2024-06-04,2024-10-02
P015,Papas Lays 42g,Snacks,64,19,1.3,2024-06-25,2024-10-23
P015,Papas Lays 42g,Snacks,45,5,1.3,2024-07-20,2024-11-17
P015,Papas Lays 42g,Snacks,71,1,1.3,2024-08-06,2024-12-04
P015,Papas Lays 42g,Snacks,70,1,1.3,2024-08-23,2024-12-21
P015,Papas Lays 42g,Snacks,53,3,1.3,2024-09-16,2025-01-14
P015,Papas Lays 42g,Snacks,58,5,1.3,2024-10-07,2025-02-04
P015,Papas Lays 42g,Snacks,57,12,1.3,2024-10-29,2025-02-26
P015,Papas Lays 42g,Snacks,63,9,1.3,2024-11-23,2025-03-23
P015,Papas Lays 42g,Snacks,30,0,1.3,2024-12-17,2025-04-16
P015,Papas Lays 42g,Snacks,79,22,1.3,2025-01-11,2025-05-11
P015,Papas Lays 42g,Snacks,50,4,1.3,2025-02-03,2025-06-03
P015,Papas Lays 42g,Snacks,32,9,1.3,2025-02-19,2025-06-19
P015,Papas Lays 42g,Snacks,59,11,1.3,2025-03-11,2025-07-09
P015,Papas Lays 42g,Snacks,68,6,1.3,2025-03-26,2025-07-24
P015,Papas Lays 42g,Snacks,71,13,1.3,2025-04-16,2025-08-14
P015,Papas Lays 42g,Snacks,41,9,1.3,2025-05-10,2025-09-07
P015,Papas Lays 42g,Snacks,76,20,1.3,2025-05-27,2025-09-24
P015,Papas Lays 42g,Snacks,45,10,1.3,2025-06-15,2025-10-13
P015,Papas Lays 42g,Snacks,68,18,1.3,2025-07-06,2025-11-03
P015,Papas Lays 42g,Snacks,56,7,1.3,2025-07-24,2025-11-21
P015,Papas Lays 42g,Snacks,44,13,1.3,2025-08-11,2025-12-09
P015,Papas Lays 42g,Snacks,71,1,1.3,2025-09-04,2026-01-02
P015,Papas Lays 42g,Snacks,64,1,1.3,2025-09-26,2026-01-24
P015,Papas Lays 42g,Snacks,59,2,1.3,2025-10-18,2026-02-15
P015,Papas Lays 42g,Snacks,66,6,1.3,2025-11-10,2026-03-10
P015,Papas Lays 42g,Snacks,51,12,1.3,2025-12-04,2026-04-03
P015,Papas Lays 42g,Snacks,38,7,1.3,2025-12-24,2026-04-23
P015,Papas Lays 42g,Snacks,71,14,1.3,2026-01-12,2026-05-12
P015,Papas Lays 42g,Snacks,48,2,1.3,2026-02-06,2026-06-06
P015,Papas Lays 42g,Snacks,72,2,1.3,2026-03-01,2026-06-29
P015,Papas Lays 42g,Snacks,49,8,1.3,2026-03-23,2026-07-21
P015,Papas Lays 42g,Snacks,46,13,1.3,2026-04-13,2026-08-11
P015,Papas Lays 42g,Snacks,66,7,1.3,2026-04-29,2026-08-27
P016,Chocolate Sublime,Snacks,25,0,0.9,2023-09-01,2024-05-28
P016,Chocolate Sublime,Snacks,15,0,0.9,2023-10-10,2024-07-06
P016,Chocolate Sublime,Snacks,32,2,0.9,2023-11-19,2024-08-15
P016,Chocolate Sublime,Snacks,16,1,0.9,2023-12-30,2024-09-25
P016,Chocolate Sublime,Snacks,23,2,0.9,2024-02-05,2024-11-01
P016,Chocolate Sublime,Snacks,15,1,0.9,2024-03-08,2024-12-03
P016,Chocolate Sublime,Snacks,19,0,0.9,2024-04-05,2024-12-31
P016,Chocolate Sublime,Snacks,19,1,0.9,2024-05-18,2025-02-12
P016,Chocolate Sublime,Snacks,30,2,0.9,2024-08-13,2025-05-10
P016,Chocolate Sublime,Snacks,33,3,0.9,2024-09-26,2025-06-23
P016,Chocolate Sublime,Snacks,15,1,0.9,2024-10-25,2025-07-22
P016,Chocolate Sublime,Snacks,20,0,0.9,2024-11-20,2025-08-17
P016,Chocolate Sublime,Snacks,19,2,0.9,2024-12-25,2025-09-21
P016,Chocolate Sublime,Snacks,31,8,0.9,2025-03-05,2025-11-30
P016,Chocolate Sublime,Snacks,34,0,0.9,2025-04-17,2026-01-12
P016,Chocolate Sublime,Snacks,15,1,0.9,2025-05-25,2026-02-19
P016,Chocolate Sublime,Snacks,33,0,0.9,2025-07-07,2026-04-03
P016,Chocolate Sublime,Snacks,16,4,0.9,2025-08-20,2026-05-17
P016,Chocolate Sublime,Snacks,28,2,0.9,2025-09-24,2026-06-21
P016,Chocolate Sublime,Snacks,30,2,0.9,2025-10-24,2026-07-21
P016,Chocolate Sublime,Snacks,33,8,0.9,2025-12-07,2026-09-03
P016,Chocolate Sublime,Snacks,25,3,0.9,2026-01-07,2026-10-04
P016,Chocolate Sublime,Snacks,27,8,0.9,2026-02-10,2026-11-07
P016,Chocolate Sublime,Snacks,26,6,0.9,2026-03-12,2026-12-07
P016,Chocolate Sublime,Snacks,28,5,0.9,2026-04-23,2027-01-18
P017,Galletas Casino 6u,Snacks,9,5,1.1,2023-09-01,2024-02-28
P017,Galletas Casino 6u,Snacks,20,18,1.1,2023-10-18,2024-04-15
P017,Galletas Casino 6u,Snacks,17,8,1.1,2023-12-21,2024-06-18
P017,Galletas Casino 6u,Snacks,20,14,1.1,2024-02-13,2024-08-11
P017,Galletas Casino 6u,Snacks,16,13,1.1,2024-04-17,2024-10-14
P017,Galletas Casino 6u,Snacks,10,6,1.1,2024-06-17,2024-12-14
P017,Galletas Casino 6u,Snacks,14,9,1.1,2024-08-24,2025-02-20
P017,Galletas Casino 6u,Snacks,18,17,1.1,2024-10-05,2025-04-03
P017,Galletas Casino 6u,Snacks,18,12,1.1,2024-11-15,2025-05-14
P017,Galletas Casino 6u,Snacks,12,0,1.1,2024-12-31,2025-06-29
P017,Galletas Casino 6u,Snacks,10,7,1.1,2025-02-28,2025-08-27
P017,Galletas Casino 6u,Snacks,10,8,1.1,2025-05-03,2025-10-30
P017,Galletas Casino 6u,Snacks,20,0,1.1,2025-06-23,2025-12-20
P017,Galletas Casino 6u,Snacks,14,8,1.1,2025-08-22,2026-02-18
P017,Galletas Casino 6u,Snacks,20,17,1.1,2025-10-25,2026-04-23
P017,Galletas Casino 6u,Snacks,18,18,1.1,2025-12-21,2026-06-19
P017,Galletas Casino 6u,Snacks,20,0,1.1,2026-02-24,2026-08-23
P017,Galletas Casino 6u,Snacks,19,15,1.1,2026-04-05,2026-10-02
P018,Chifles 50g,Snacks,20,16,0.9,2023-09-01,2023-12-30
P018,Chifles 50g,Snacks,19,9,0.9,2023-10-28,2024-02-25
P018,Chifles 50g,Snacks,10,8,0.9,2023-12-22,2024-04-20
P018,Chifles 50g,Snacks,11,9,0.9,2024-02-22,2024-06-21
P018,Chifles 50g,Snacks,8,4,0.9,2024-04-23,2024-08-21
P018,Chifles 50g,Snacks,9,4,0.9,2024-06-03,2024-10-01
P018,Chifles 50g,Snacks,10,9,0.9,2024-07-13,2024-11-10
P018,Chifles 50g,Snacks,8,5,0.9,2024-09-09,2025-01-07
P018,Chifles 50g,Snacks,16,15,0.9,2024-11-18,2025-03-18
P018,Chifles 50g,Snacks,12,6,0.9,2025-01-26,2025-05-26
P018,Chifles 50g,Snacks,14,12,0.9,2025-04-04,2025-08-02
P018,Chifles 50g,Snacks,20,16,0.9,2025-05-19,2025-09-16
P018,Chifles 50g,Snacks,17,13,0.9,2025-06-30,2025-10-28
P018,Chifles 50g,Snacks,11,9,0.9,2025-08-13,2025-12-11
P018,Chifles 50g,Snacks,17,9,0.9,2025-10-03,2026-01-31
P018,Chifles 50g,Snacks,10,10,0.9,2025-12-12,2026-04-11
P018,Chifles 50g,Snacks,18,12,0.9,2026-02-20,2026-06-20
P018,Chifles 50g,Snacks,15,8,0.9,2026-04-18,2026-08-16
P019,Detergente Ariel 500g,Limpieza,25,4,6.2,2023-09-01,2025-08-31
P019,Detergente Ariel 500g,Limpieza,20,2,6.2,2023-10-11,2025-10-10
P019,Detergente Ariel 500g,Limpieza,27,0,6.2,2023-11-11,2025-11-10
P019,Detergente Ariel 500g,Limpieza,31,4,6.2,2023-12-18,2025-12-17
P019,Detergente Ariel 500g,Limpieza,15,0,6.2,2024-01-20,2026-01-19
P019,Detergente Ariel 500g,Limpieza,16,0,6.2,2024-03-04,2026-03-04
P019,Detergente Ariel 500g,Limpieza,15,3,6.2,2024-04-01,2026-04-01
P019,Detergente Ariel 500g,Limpieza,15,1,6.2,2024-05-10,2026-05-10
P019,Detergente Ariel 500g,Limpieza,21,2,6.2,2024-06-11,2026-06-11
P019,Detergente Ariel 500g,Limpieza,26,4,6.2,2024-07-25,2026-07-25
P019,Detergente Ariel 500g,Limpieza,30,4,6.2,2024-08-19,2026-08-19
P019,Detergente Ariel 500g,Limpieza,18,1,6.2,2024-09-24,2026-09-24
P019,Detergente Ariel 500g,Limpieza,32,8,6.2,2024-11-05,2026-11-05
P019,Detergente Ariel 500g,Limpieza,29,3,6.2,2024-12-05,2026-12-05
P019,Detergente Ariel 500g,Limpieza,25,3,6.2,2025-01-07,2027-01-07
P019,Detergente Ariel 500g,Limpieza,33,9,6.2,2025-02-01,2027-02-01
P019,Detergente Ariel 500g,Limpieza,30,2,6.2,2025-03-18,2027-03-18
P019,Detergente Ariel 500g,Limpieza,24,1,6.2,2025-04-22,2027-04-22
P019,Detergente Ariel 500g,Limpieza,32,2,6.2,2025-06-03,2027-06-03
P019,Detergente Ariel 500g,Limpieza,27,2,6.2,2025-07-02,2027-07-02
P019,Detergente Ariel 500g,Limpieza,33,1,6.2,2025-08-02,2027-08-02
P019,Detergente Ariel 500g,Limpieza,21,5,6.2,2025-08-30,2027-08-30
P019,Detergente Ariel 500g,Limpieza,19,4,6.2,2025-10-14,2027-10-14
P019,Detergente Ariel 500g,Limpieza,25,5,6.2,2025-11-15,2027-11-15
P019,Detergente Ariel 500g,Limpieza,19,0,6.2,2025-12-10,2027-12-10
P019,Detergente Ariel 500g,Limpieza,27,2,6.2,2026-01-11,2028-01-11
P019,Detergente Ariel 500g,Limpieza,16,4,6.2,2026-02-05,2028-02-05
P019,Detergente Ariel 500g,Limpieza,30,6,6.2,2026-03-05,2028-03-04
P019,Detergente Ariel 500g,Limpieza,34,8,6.2,2026-04-08,2028-04-07
P020,Lejia Clorox 1L,Limpieza,27,2,2.8,2023-09-01,2024-08-31
P020,Lejia Clorox 1L,Limpieza,21,1,2.8,2023-10-14,2024-10-13
P020,Lejia Clorox 1L,Limpieza,32,9,2.8,2023-11-17,2024-11-16
P020,Lejia Clorox 1L,Limpieza,19,2,2.8,2024-01-01,2024-12-31
P020,Lejia Clorox 1L,Limpieza,24,6,2.8,2024-02-05,2025-02-04
P020,Lejia Clorox 1L,Limpieza,25,0,2.8,2024-03-02,2025-03-02
P020,Lejia Clorox 1L,Limpieza,22,4,2.8,2024-04-07,2025-04-07
P020,Lejia Clorox 1L,Limpieza,21,0,2.8,2024-05-12,2025-05-12
P020,Lejia Clorox 1L,Limpieza,24,5,2.8,2024-06-08,2025-06-08
P020,Lejia Clorox 1L,Limpieza,29,4,2.8,2024-07-05,2025-07-05
P020,Lejia Clorox 1L,Limpieza,34,2,2.8,2024-08-01,2025-08-01
P020,Lejia Clorox 1L,Limpieza,17,4,2.8,2024-08-28,2025-08-28
P020,Lejia Clorox 1L,Limpieza,18,2,2.8,2024-09-26,2025-09-26
P020,Lejia Clorox 1L,Limpieza,26,4,2.8,2024-10-28,2025-10-28
P020,Lejia Clorox 1L,Limpieza,27,0,2.8,2024-12-12,2025-12-12
P020,Lejia Clorox 1L,Limpieza,27,0,2.8,2025-01-19,2026-01-19
P020,Lejia Clorox 1L,Limpieza,30,4,2.8,2025-02-21,2026-02-21
P020,Lejia Clorox 1L,Limpieza,24,6,2.8,2025-03-18,2026-03-18
P020,Lejia Clorox 1L,Limpieza,16,4,2.8,2025-04-23,2026-04-23
P020,Lejia Clorox 1L,Limpieza,35,8,2.8,2025-05-28,2026-05-28
P020,Lejia Clorox 1L,Limpieza,15,3,2.8,2025-06-23,2026-06-23
P020,Lejia Clorox 1L,Limpieza,17,0,2.8,2025-07-24,2026-07-24
P020,Lejia Clorox 1L,Limpieza,16,1,2.8,2025-09-02,2026-09-02
P020,Lejia Clorox 1L,Limpieza,17,4,2.8,2025-10-11,2026-10-11
P020,Lejia Clorox 1L,Limpieza,17,0,2.8,2025-11-08,2026-11-08
P020,Lejia Clorox 1L,Limpieza,28,0,2.8,2025-12-17,2026-12-17
P020,Lejia Clorox 1L,Limpieza,34,8,2.8,2026-01-23,2027-01-23
P020,Lejia Clorox 1L,Limpieza,23,5,2.8,2026-03-04,2027-03-04
P020,Lejia Clorox 1L,Limpieza,27,5,2.8,2026-04-16,2027-04-16
P021,Jabon Bolivar 230g,Limpieza,17,17,1.6,2023-09-01,2025-08-31
P021,Jabon Bolivar 230g,Limpieza,12,7,1.6,2023-11-02,2025-11-01
P021,Jabon Bolivar 230g,Limpieza,17,8,1.6,2024-01-05,2026-01-04
P021,Jabon Bolivar 230g,Limpieza,13,9,1.6,2024-02-15,2026-02-14
P021,Jabon Bolivar 230g,Limpieza,14,11,1.6,2024-03-29,2026-03-29
P021,Jabon Bolivar 230g,Limpieza,14,9,1.6,2024-06-05,2026-06-05
P021,Jabon Bolivar 230g,Limpieza,18,11,1.6,2024-09-21,2026-09-21
P021,Jabon Bolivar 230g,Limpieza,10,6,1.6,2024-11-24,2026-11-24
P021,Jabon Bolivar 230g,Limpieza,14,10,1.6,2025-01-27,2027-01-27
P021,Jabon Bolivar 230g,Limpieza,11,10,1.6,2025-03-27,2027-03-27
P021,Jabon Bolivar 230g,Limpieza,12,12,1.6,2025-05-18,2027-05-18
P021,Jabon Bolivar 230g,Limpieza,10,5,1.6,2025-07-14,2027-07-14
P021,Jabon Bolivar 230g,Limpieza,20,10,1.6,2025-09-16,2027-09-16
P021,Jabon Bolivar 230g,Limpieza,9,7,1.6,2025-11-10,2027-11-10
P021,Jabon Bolivar 230g,Limpieza,20,16,1.6,2026-01-09,2028-01-09
P021,Jabon Bolivar 230g,Limpieza,8,5,1.6,2026-02-22,2028-02-22
P021,Jabon Bolivar 230g,Limpieza,9,6,1.6,2026-04-03,2028-04-02
P022,Shampoo Pantene 400ml,Higiene,19,11,10.0,2023-09-01,2025-08-31
P022,Shampoo Pantene 400ml,Higiene,16,9,10.0,2023-10-20,2025-10-19
P022,Shampoo Pantene 400ml,Higiene,17,15,10.0,2023-12-21,2025-12-20
P022,Shampoo Pantene 400ml,Higiene,10,10,10.0,2024-02-09,2026-02-08
P022,Shampoo Pantene 400ml,Higiene,19,12,10.0,2024-03-22,2026-03-22
P022,Shampoo Pantene 400ml,Higiene,14,14,10.0,2024-05-05,2026-05-05
P022,Shampoo Pantene 400ml,Higiene,10,9,10.0,2024-06-24,2026-06-24
P022,Shampoo Pantene 400ml,Higiene,19,11,10.0,2024-08-25,2026-08-25
P022,Shampoo Pantene 400ml,Higiene,13,0,10.0,2024-10-11,2026-10-11
P022,Shampoo Pantene 400ml,Higiene,11,8,10.0,2024-12-13,2026-12-13
P022,Shampoo Pantene 400ml,Higiene,14,8,10.0,2025-01-30,2027-01-30
P022,Shampoo Pantene 400ml,Higiene,14,13,10.0,2025-03-28,2027-03-28
P022,Shampoo Pantene 400ml,Higiene,17,8,10.0,2025-07-07,2027-07-07
P022,Shampoo Pantene 400ml,Higiene,18,14,10.0,2025-09-05,2027-09-05
P022,Shampoo Pantene 400ml,Higiene,14,8,10.0,2025-10-25,2027-10-25
P022,Shampoo Pantene 400ml,Higiene,11,6,10.0,2025-12-18,2027-12-18
P022,Shampoo Pantene 400ml,Higiene,12,7,10.0,2026-03-20,2028-03-19
P023,Jabon Dove 90g,Higiene,26,1,2.4,2023-09-01,2025-08-31
P023,Jabon Dove 90g,Higiene,24,1,2.4,2023-09-26,2025-09-25
P023,Jabon Dove 90g,Higiene,18,5,2.4,2023-11-01,2025-10-31
P023,Jabon Dove 90g,Higiene,23,1,2.4,2023-12-09,2025-12-08
P023,Jabon Dove 90g,Higiene,35,1,2.4,2024-01-19,2026-01-18
P023,Jabon Dove 90g,Higiene,22,6,2.4,2024-02-26,2026-02-25
P023,Jabon Dove 90g,Higiene,28,2,2.4,2024-03-27,2026-03-27
P023,Jabon Dove 90g,Higiene,30,2,2.4,2024-05-08,2026-05-08
P023,Jabon Dove 90g,Higiene,15,2,2.4,2024-06-16,2026-06-16
P023,Jabon Dove 90g,Higiene,24,3,2.4,2024-07-30,2026-07-30
P023,Jabon Dove 90g,Higiene,24,6,2.4,2024-09-09,2026-09-09
P023,Jabon Dove 90g,Higiene,24,2,2.4,2024-10-12,2026-10-12
P023,Jabon Dove 90g,Higiene,35,6,2.4,2024-11-20,2026-11-20
P023,Jabon Dove 90g,Higiene,31,8,2.4,2024-12-30,2026-12-30
P023,Jabon Dove 90g,Higiene,17,5,2.4,2025-02-07,2027-02-07
P023,Jabon Dove 90g,Higiene,33,5,2.4,2025-03-04,2027-03-04
P023,Jabon Dove 90g,Higiene,28,2,2.4,2025-04-17,2027-04-17
P023,Jabon Dove 90g,Higiene,15,2,2.4,2025-05-13,2027-05-13
P023,Jabon Dove 90g,Higiene,16,3,2.4,2025-06-11,2027-06-11
P023,Jabon Dove 90g,Higiene,19,4,2.4,2025-07-12,2027-07-12
P023,Jabon Dove 90g,Higiene,24,0,2.4,2025-08-09,2027-08-09
P023,Jabon Dove 90g,Higiene,17,1,2.4,2025-09-09,2027-09-09
P023,Jabon Dove 90g,Higiene,33,4,2.4,2025-10-04,2027-10-04
P023,Jabon Dove 90g,Higiene,18,2,2.4,2025-11-07,2027-11-07
P023,Jabon Dove 90g,Higiene,20,3,2.4,2025-12-06,2027-12-06
P023,Jabon Dove 90g,Higiene,15,2,2.4,2026-01-17,2028-01-17
P023,Jabon Dove 90g,Higiene,20,1,2.4,2026-02-28,2028-02-28
P023,Jabon Dove 90g,Higiene,24,7,2.4,2026-04-12,2028-04-11
P024,Papel Higienico Elite 4u,Higiene,73,4,3.8,2023-09-01,2025-08-31
P024,Papel Higienico Elite 4u,Higiene,70,21,3.8,2023-09-23,2025-09-22
P024,Papel Higienico Elite 4u,Higiene,69,1,3.8,2023-10-17,2025-10-16
P024,Papel Higienico Elite 4u,Higiene,80,7,3.8,2023-11-06,2025-11-05
P024,Papel Higienico Elite 4u,Higiene,59,9,3.8,2023-11-25,2025-11-24
P024,Papel Higienico Elite 4u,Higiene,69,11,3.8,2023-12-19,2025-12-18
P024,Papel Higienico Elite 4u,Higiene,32,9,3.8,2024-01-13,2026-01-12
P024,Papel Higienico Elite 4u,Higiene,45,3,3.8,2024-01-28,2026-01-27
P024,Papel Higienico Elite 4u,Higiene,37,0,3.8,2024-02-19,2026-02-18
P024,Papel Higienico Elite 4u,Higiene,72,6,3.8,2024-03-10,2026-03-10
P024,Papel Higienico Elite 4u,Higiene,45,10,3.8,2024-03-28,2026-03-28
P024,Papel Higienico Elite 4u,Higiene,34,4,3.8,2024-04-20,2026-04-20
P024,Papel Higienico Elite 4u,Higiene,54,12,3.8,2024-05-14,2026-05-14
P024,Papel Higienico Elite 4u,Higiene,66,1,3.8,2024-06-04,2026-06-04
P024,Papel Higienico Elite 4u,Higiene,60,7,3.8,2024-06-27,2026-06-27
P024,Papel Higienico Elite 4u,Higiene,67,20,3.8,2024-07-12,2026-07-12
P024,Papel Higienico Elite 4u,Higiene,69,15,3.8,2024-08-04,2026-08-04
P024,Papel Higienico Elite 4u,Higiene,55,1,3.8,2024-08-20,2026-08-20
P024,Papel Higienico Elite 4u,Higiene,78,23,3.8,2024-09-12,2026-09-12
P024,Papel Higienico Elite 4u,Higiene,61,11,3.8,2024-10-04,2026-10-04
P024,Papel Higienico Elite 4u,Higiene,74,18,3.8,2024-11-13,2026-11-13
P024,Papel Higienico Elite 4u,Higiene,70,6,3.8,2024-12-05,2026-12-05
P024,Papel Higienico Elite 4u,Higiene,66,14,3.8,2024-12-21,2026-12-21
P024,Papel Higienico Elite 4u,Higiene,67,2,3.8,2025-01-10,2027-01-10
P024,Papel Higienico Elite 4u,Higiene,61,1,3.8,2025-01-26,2027-01-26
P024,Papel Higienico Elite 4u,Higiene,54,12,3.8,2025-02-11,2027-02-11
P024,Papel Higienico Elite 4u,Higiene,72,15,3.8,2025-03-02,2027-03-02
P024,Papel Higienico Elite 4u,Higiene,42,8,3.8,2025-03-21,2027-03-21
P024,Papel Higienico Elite 4u,Higiene,63,2,3.8,2025-04-14,2027-04-14
P024,Papel Higienico Elite 4u,Higiene,38,9,3.8,2025-05-03,2027-05-03
P024,Papel Higienico Elite 4u,Higiene,70,1,3.8,2025-05-23,2027-05-23
P024,Papel Higienico Elite 4u,Higiene,48,11,3.8,2025-06-30,2027-06-30
P024,Papel Higienico Elite 4u,Higiene,74,13,3.8,2025-07-16,2027-07-16
P024,Papel Higienico Elite 4u,Higiene,67,18,3.8,2025-08-01,2027-08-01
P024,Papel Higienico Elite 4u,Higiene,31,3,3.8,2025-08-24,2027-08-24
P024,Papel Higienico Elite 4u,Higiene,32,2,3.8,2025-09-12,2027-09-12
P024,Papel Higienico Elite 4u,Higiene,62,15,3.8,2025-10-01,2027-10-01
P024,Papel Higienico Elite 4u,Higiene,43,3,3.8,2025-10-22,2027-10-22
P024,Papel Higienico Elite 4u,Higiene,31,3,3.8,2025-11-16,2027-11-16
P024,Papel Higienico Elite 4u,Higiene,69,8,3.8,2025-12-01,2027-12-01
P024,Papel Higienico Elite 4u,Higiene,53,3,3.8,2025-12-24,2027-12-24
P024,Papel Higienico Elite 4u,Higiene,63,6,3.8,2026-01-13,2028-01-13
P024,Papel Higienico Elite 4u,Higiene,64,2,3.8,2026-02-06,2028-02-06
P024,Papel Higienico Elite 4u,Higiene,31,7,3.8,2026-02-21,2028-02-21
P024,Papel Higienico Elite 4u,Higiene,33,4,3.8,2026-03-14,2028-03-13
P024,Papel Higienico Elite 4u,Higiene,73,4,3.8,2026-03-31,2028-03-30
P024,Papel Higienico Elite 4u,Higiene,60,4,3.8,2026-04-23,2028-04-22
P025,Pasta Dental Colgate 75ml,Higiene,34,10,3.1,2023-09-01,2025-08-31
P025,Pasta Dental Colgate 75ml,Higiene,23,6,3.1,2023-10-14,2025-10-13
P025,Pasta Dental Colgate 75ml,Higiene,31,9,3.1,2023-11-27,2025-11-26
P025,Pasta Dental Colgate 75ml,Higiene,27,6,3.1,2023-12-25,2025-12-24
P025,Pasta Dental Colgate 75ml,Higiene,22,6,3.1,2024-01-24,2026-01-23
P025,Pasta Dental Colgate 75ml,Higiene,29,4,3.1,2024-03-07,2026-03-07
P025,Pasta Dental Colgate 75ml,Higiene,28,0,3.1,2024-04-13,2026-04-13
P025,Pasta Dental Colgate 75ml,Higiene,33,5,3.1,2024-05-19,2026-05-19
P025,Pasta Dental Colgate 75ml,Higiene,15,1,3.1,2024-06-18,2026-06-18
P025,Pasta Dental Colgate 75ml,Higiene,26,5,3.1,2024-07-28,2026-07-28
P025,Pasta Dental Colgate 75ml,Higiene,16,3,3.1,2024-08-28,2026-08-28
P025,Pasta Dental Colgate 75ml,Higiene,27,7,3.1,2024-10-04,2026-10-04
P025,Pasta Dental Colgate 75ml,Higiene,32,9,3.1,2024-11-13,2026-11-13
P025,Pasta Dental Colgate 75ml,Higiene,16,4,3.1,2024-12-21,2026-12-21
P025,Pasta Dental Colgate 75ml,Higiene,24,7,3.1,2025-01-20,2027-01-20
P025,Pasta Dental Colgate 75ml,Higiene,24,6,3.1,2025-02-21,2027-02-21
P025,Pasta Dental Colgate 75ml,Higiene,24,4,3.1,2025-03-29,2027-03-29
P025,Pasta Dental Colgate 75ml,Higiene,17,1,3.1,2025-04-29,2027-04-29
P025,Pasta Dental Colgate 75ml,Higiene,17,2,3.1,2025-05-25,2027-05-25
P025,Pasta Dental Colgate 75ml,Higiene,16,3,3.1,2025-07-07,2027-07-07
P025,Pasta Dental Colgate 75ml,Higiene,26,7,3.1,2025-08-05,2027-08-05
P025,Pasta Dental Colgate 75ml,Higiene,19,1,3.1,2025-09-09,2027-09-09
P025,Pasta Dental Colgate 75ml,Higiene,35,0,3.1,2025-11-12,2027-11-12
P025,Pasta Dental Colgate 75ml,Higiene,31,3,3.1,2025-12-08,2027-12-08
P025,Pasta Dental Colgate 75ml,Higiene,31,0,3.1,2026-01-02,2028-01-02
P025,Pasta Dental Colgate 75ml,Higiene,21,4,3.1,2026-02-12,2028-02-12
P025,Pasta Dental Colgate 75ml,Higiene,34,10,3.1,2026-03-16,2028-03-15
P025,Pasta Dental Colgate 75ml,Higiene,19,1,3.1,2026-04-26,2028-04-25
